{
  "bottomLatitude": 31.0,
  "cellEnvironment:data": {
    "name": "dat"
  },
  "cellRarefaction:int": 1,
  "cellSize": 1.0,
  "focusCells:array": {
    "0:int array": "AAAAAAAAAAA=",
    "1:int array": "AAAAAAEAAAA=",
    "2:int array": "AQAAAAAAAAA=",
    "3:int array": "AQAAAAEAAAA="
  },
  "leftmostLongitude": -1.0,
  "rightmostLongitude": 1.0,
  "specificLocations": false,
  "topLatitude": 33.0,
  "units": {
    "AWC": "mm",
    "LandNPP": "gC/m2/day",
    "LandSeaMask": "",
    "SST": "degC",
    "uVel": "cm/s",
    "vVel": "cm/s"
  }
}